id,firstname,lastname,email,email2,profession
100,Shell,Whittaker,Shell.Whittaker@yopmail.com,Shell.Whittaker@gmail.com,firefighter
102,Philis,Zitvaa,Philis.Zitvaa@yopmail.com,Philis.Zitvaa@gmail.com,developer
104,Pamella,Remmer,Pamella.Remmer@yopmail.com,Pamella.Remmer@gmail.com,doctor
106,Gaylene,Reneta,Gaylene.Reneta@yopmail.com,Gaylene.Reneta@gmail.com,worker
108,Kimmy,Ade,Kimmy.Ade@yopmail.com,Kimmy.Ade@gmail.com,doctor
110,Isa,Rossner,Isa.Rossner@yopmail.com,Isa.Rossner@gmail.com,developer
112,Deirdre,Nadia,Deirdre.Nadia@yopmail.com,Deirdre.Nadia@gmail.com,firefighter
114,Correy,Krystle,Correy.Krystle@yopmail.com,Correy.Krystle@gmail.com,worker
116,Melanie,Kristi,Melanie.Kristi@yopmail.com,Melanie.Kristi@gmail.com,worker
118,Bibby,Agle,Bibby.Agle@yopmail.com,Bibby.Agle@gmail.com,firefighter
120,Tamqrah,Natica,Tamqrah.Natica@yopmail.com,Tamqrah.Natica@gmail.com,developer
122,Claresta,Thilda,Claresta.Thilda@yopmail.com,Claresta.Thilda@gmail.com,firefighter
124,Nelle,Belldas,Nelle.Belldas@yopmail.com,Nelle.Belldas@gmail.com,developer
126,Marylou,Kronfeld,Marylou.Kronfeld@yopmail.com,Marylou.Kronfeld@gmail.com,doctor
128,Tiffie,Sundin,Tiffie.Sundin@yopmail.com,Tiffie.Sundin@gmail.com,developer
130,Alyssa,Rustice,Alyssa.Rustice@yopmail.com,Alyssa.Rustice@gmail.com,worker
132,Tamqrah,Jerald,Tamqrah.Jerald@yopmail.com,Tamqrah.Jerald@gmail.com,worker
134,Mireielle,Weide,Mireielle.Weide@yopmail.com,Mireielle.Weide@gmail.com,worker
136,Chloris,Moseley,Chloris.Moseley@yopmail.com,Chloris.Moseley@gmail.com,doctor
138,Elora,Linskey,Elora.Linskey@yopmail.com,Elora.Linskey@gmail.com,firefighter
140,Roz,LaRue,Roz.LaRue@yopmail.com,Roz.LaRue@gmail.com,doctor
142,Clo,Tyson,Clo.Tyson@yopmail.com,Clo.Tyson@gmail.com,police officer
144,Winifred,Boycey,Winifred.Boycey@yopmail.com,Winifred.Boycey@gmail.com,developer
146,Ariela,Yusuk,Ariela.Yusuk@yopmail.com,Ariela.Yusuk@gmail.com,police officer
148,Suzette,Malanie,Suzette.Malanie@yopmail.com,Suzette.Malanie@gmail.com,firefighter
150,Emilia,Alarise,Emilia.Alarise@yopmail.com,Emilia.Alarise@gmail.com,firefighter
152,Eadie,Trey,Eadie.Trey@yopmail.com,Eadie.Trey@gmail.com,doctor
154,Grier,Norrie,Grier.Norrie@yopmail.com,Grier.Norrie@gmail.com,police officer
156,Zsa Zsa,Aprile,Zsa Zsa.Aprile@yopmail.com,Zsa Zsa.Aprile@gmail.com,worker
158,Nanete,Sawtelle,Nanete.Sawtelle@yopmail.com,Nanete.Sawtelle@gmail.com,police officer
160,Nataline,Christine,Nataline.Christine@yopmail.com,Nataline.Christine@gmail.com,doctor
162,Fina,Moina,Fina.Moina@yopmail.com,Fina.Moina@gmail.com,worker
164,Elsie,Lacombe,Elsie.Lacombe@yopmail.com,Elsie.Lacombe@gmail.com,firefighter
166,Annecorinne,Vilma,Annecorinne.Vilma@yopmail.com,Annecorinne.Vilma@gmail.com,firefighter
168,Merrie,Clara,Merrie.Clara@yopmail.com,Merrie.Clara@gmail.com,developer
170,Penelopa,Bord,Penelopa.Bord@yopmail.com,Penelopa.Bord@gmail.com,doctor
172,Ethel,Rogerio,Ethel.Rogerio@yopmail.com,Ethel.Rogerio@gmail.com,doctor
174,Georgetta,Cherianne,Georgetta.Cherianne@yopmail.com,Georgetta.Cherianne@gmail.com,police officer
176,Hermione,Emanuel,Hermione.Emanuel@yopmail.com,Hermione.Emanuel@gmail.com,worker
178,Lusa,Publia,Lusa.Publia@yopmail.com,Lusa.Publia@gmail.com,firefighter
180,Stevana,Cressida,Stevana.Cressida@yopmail.com,Stevana.Cressida@gmail.com,police officer
182,Melanie,Ephrem,Melanie.Ephrem@yopmail.com,Melanie.Ephrem@gmail.com,police officer
184,Alejandra,Vernier,Alejandra.Vernier@yopmail.com,Alejandra.Vernier@gmail.com,developer
186,Devina,Argus,Devina.Argus@yopmail.com,Devina.Argus@gmail.com,developer
188,Brandise,Socha,Brandise.Socha@yopmail.com,Brandise.Socha@gmail.com,developer
190,Felice,Stilwell,Felice.Stilwell@yopmail.com,Felice.Stilwell@gmail.com,firefighter
192,Clarice,Center,Clarice.Center@yopmail.com,Clarice.Center@gmail.com,developer
194,Berta,Bryna,Berta.Bryna@yopmail.com,Berta.Bryna@gmail.com,doctor
196,Ann-Marie,Dahlia,Ann-Marie.Dahlia@yopmail.com,Ann-Marie.Dahlia@gmail.com,doctor
198,Marleah,Sherrie,Marleah.Sherrie@yopmail.com,Marleah.Sherrie@gmail.com,police officer
200,Feliza,Maroney,Feliza.Maroney@yopmail.com,Feliza.Maroney@gmail.com,police officer
202,Rosanne,Ralfston,Rosanne.Ralfston@yopmail.com,Rosanne.Ralfston@gmail.com,doctor
204,Margarette,Tamar,Margarette.Tamar@yopmail.com,Margarette.Tamar@gmail.com,firefighter
206,Mureil,Schenck,Mureil.Schenck@yopmail.com,Mureil.Schenck@gmail.com,firefighter
208,Nataline,Beniamino,Nataline.Beniamino@yopmail.com,Nataline.Beniamino@gmail.com,worker
210,Mamie,Stevy,Mamie.Stevy@yopmail.com,Mamie.Stevy@gmail.com,firefighter
212,Molli,Naashom,Molli.Naashom@yopmail.com,Molli.Naashom@gmail.com,police officer
214,Hettie,Nester,Hettie.Nester@yopmail.com,Hettie.Nester@gmail.com,worker
216,Gerianna,Graig,Gerianna.Graig@yopmail.com,Gerianna.Graig@gmail.com,worker
218,Karly,Bashemeth,Karly.Bashemeth@yopmail.com,Karly.Bashemeth@gmail.com,developer
220,Alyda,Raama,Alyda.Raama@yopmail.com,Alyda.Raama@gmail.com,doctor
222,Fawne,Rozanna,Fawne.Rozanna@yopmail.com,Fawne.Rozanna@gmail.com,police officer
224,Ellette,Firmin,Ellette.Firmin@yopmail.com,Ellette.Firmin@gmail.com,doctor
226,Aili,Susannah,Aili.Susannah@yopmail.com,Aili.Susannah@gmail.com,police officer
228,Queenie,Kesley,Queenie.Kesley@yopmail.com,Queenie.Kesley@gmail.com,developer
230,Ida,Angelis,Ida.Angelis@yopmail.com,Ida.Angelis@gmail.com,developer
232,Lelah,Eno,Lelah.Eno@yopmail.com,Lelah.Eno@gmail.com,developer
234,Lanae,Ogren,Lanae.Ogren@yopmail.com,Lanae.Ogren@gmail.com,firefighter
236,Harmonia,Monk,Harmonia.Monk@yopmail.com,Harmonia.Monk@gmail.com,police officer
238,Lorie,Aprile,Lorie.Aprile@yopmail.com,Lorie.Aprile@gmail.com,firefighter
240,Eve,Barney,Eve.Barney@yopmail.com,Eve.Barney@gmail.com,police officer
242,Regina,Septima,Regina.Septima@yopmail.com,Regina.Septima@gmail.com,police officer
244,Valeda,Merell,Valeda.Merell@yopmail.com,Valeda.Merell@gmail.com,firefighter
246,Camile,Bryna,Camile.Bryna@yopmail.com,Camile.Bryna@gmail.com,worker
248,Celene,Wildermuth,Celene.Wildermuth@yopmail.com,Celene.Wildermuth@gmail.com,worker
250,Jan,Johnsson,Jan.Johnsson@yopmail.com,Jan.Johnsson@gmail.com,firefighter
252,Caryl,Faro,Caryl.Faro@yopmail.com,Caryl.Faro@gmail.com,police officer
254,Chickie,Haerr,Chickie.Haerr@yopmail.com,Chickie.Haerr@gmail.com,firefighter
256,Taffy,Center,Taffy.Center@yopmail.com,Taffy.Center@gmail.com,worker
258,Fina,Sprage,Fina.Sprage@yopmail.com,Fina.Sprage@gmail.com,police officer
260,Teriann,Chauncey,Teriann.Chauncey@yopmail.com,Teriann.Chauncey@gmail.com,doctor
262,Carolina,Parsaye,Carolina.Parsaye@yopmail.com,Carolina.Parsaye@gmail.com,police officer
264,Diena,Bertold,Diena.Bertold@yopmail.com,Diena.Bertold@gmail.com,police officer
266,Paola,Clywd,Paola.Clywd@yopmail.com,Paola.Clywd@gmail.com,doctor
268,Kimmy,Helve,Kimmy.Helve@yopmail.com,Kimmy.Helve@gmail.com,doctor
270,Minne,Vernier,Minne.Vernier@yopmail.com,Minne.Vernier@gmail.com,doctor
272,Janeczka,Mozelle,Janeczka.Mozelle@yopmail.com,Janeczka.Mozelle@gmail.com,doctor
274,Emylee,Lissi,Emylee.Lissi@yopmail.com,Emylee.Lissi@gmail.com,firefighter
276,Abbie,Bivins,Abbie.Bivins@yopmail.com,Abbie.Bivins@gmail.com,worker
278,Jemie,Quinn,Jemie.Quinn@yopmail.com,Jemie.Quinn@gmail.com,police officer
280,Christian,Demitria,Christian.Demitria@yopmail.com,Christian.Demitria@gmail.com,doctor
282,Binny,Roarke,Binny.Roarke@yopmail.com,Binny.Roarke@gmail.com,police officer
284,Michaelina,Martsen,Michaelina.Martsen@yopmail.com,Michaelina.Martsen@gmail.com,doctor
286,Evita,Jess,Evita.Jess@yopmail.com,Evita.Jess@gmail.com,worker
288,Bernie,Hoban,Bernie.Hoban@yopmail.com,Bernie.Hoban@gmail.com,firefighter
290,Lynde,Fax,Lynde.Fax@yopmail.com,Lynde.Fax@gmail.com,firefighter
292,Ebonee,Abram,Ebonee.Abram@yopmail.com,Ebonee.Abram@gmail.com,firefighter
294,Amii,Bahr,Amii.Bahr@yopmail.com,Amii.Bahr@gmail.com,worker
296,Leia,Roumell,Leia.Roumell@yopmail.com,Leia.Roumell@gmail.com,police officer
298,Adriana,Tufts,Adriana.Tufts@yopmail.com,Adriana.Tufts@gmail.com,police officer
300,Hollie,Orelee,Hollie.Orelee@yopmail.com,Hollie.Orelee@gmail.com,worker
302,Phylis,Astra,Phylis.Astra@yopmail.com,Phylis.Astra@gmail.com,police officer
304,Anallese,Swanhildas,Anallese.Swanhildas@yopmail.com,Anallese.Swanhildas@gmail.com,worker
306,Marti,Sherfield,Marti.Sherfield@yopmail.com,Marti.Sherfield@gmail.com,developer
308,Latisha,Zrike,Latisha.Zrike@yopmail.com,Latisha.Zrike@gmail.com,police officer
310,Tomasina,Taam,Tomasina.Taam@yopmail.com,Tomasina.Taam@gmail.com,firefighter
312,Stacey,Iphlgenia,Stacey.Iphlgenia@yopmail.com,Stacey.Iphlgenia@gmail.com,worker
314,Oona,Carey,Oona.Carey@yopmail.com,Oona.Carey@gmail.com,firefighter
316,Corina,Ackerley,Corina.Ackerley@yopmail.com,Corina.Ackerley@gmail.com,developer
318,Tracey,Belanger,Tracey.Belanger@yopmail.com,Tracey.Belanger@gmail.com,developer
320,Gwenneth,Mehalek,Gwenneth.Mehalek@yopmail.com,Gwenneth.Mehalek@gmail.com,firefighter
322,Ida,Garrison,Ida.Garrison@yopmail.com,Ida.Garrison@gmail.com,doctor
324,Rhea,Hebner,Rhea.Hebner@yopmail.com,Rhea.Hebner@gmail.com,doctor
326,Celene,Garek,Celene.Garek@yopmail.com,Celene.Garek@gmail.com,worker
328,Gale,Chesna,Gale.Chesna@yopmail.com,Gale.Chesna@gmail.com,worker
330,Siana,Amasa,Siana.Amasa@yopmail.com,Siana.Amasa@gmail.com,doctor
332,Layla,Saint,Layla.Saint@yopmail.com,Layla.Saint@gmail.com,worker
334,Belinda,Gabrielli,Belinda.Gabrielli@yopmail.com,Belinda.Gabrielli@gmail.com,doctor
336,Kore,Killigrew,Kore.Killigrew@yopmail.com,Kore.Killigrew@gmail.com,firefighter
338,Olivette,Dash,Olivette.Dash@yopmail.com,Olivette.Dash@gmail.com,developer
340,Dacia,Thilda,Dacia.Thilda@yopmail.com,Dacia.Thilda@gmail.com,doctor
342,Lizzie,Darrell,Lizzie.Darrell@yopmail.com,Lizzie.Darrell@gmail.com,police officer
344,Anica,Dom,Anica.Dom@yopmail.com,Anica.Dom@gmail.com,worker
346,Lanna,Kellby,Lanna.Kellby@yopmail.com,Lanna.Kellby@gmail.com,worker
348,Ernesta,Othilia,Ernesta.Othilia@yopmail.com,Ernesta.Othilia@gmail.com,worker
350,Neila,Georas,Neila.Georas@yopmail.com,Neila.Georas@gmail.com,firefighter
352,Alejandra,Jary,Alejandra.Jary@yopmail.com,Alejandra.Jary@gmail.com,worker
354,Myrtice,Ehrman,Myrtice.Ehrman@yopmail.com,Myrtice.Ehrman@gmail.com,firefighter
356,Doralynne,Tiffa,Doralynne.Tiffa@yopmail.com,Doralynne.Tiffa@gmail.com,firefighter
358,Minda,Brotherson,Minda.Brotherson@yopmail.com,Minda.Brotherson@gmail.com,police officer
360,Odessa,Gert,Odessa.Gert@yopmail.com,Odessa.Gert@gmail.com,worker
362,Chastity,Rona,Chastity.Rona@yopmail.com,Chastity.Rona@gmail.com,developer
364,Lory,Zamora,Lory.Zamora@yopmail.com,Lory.Zamora@gmail.com,doctor
366,Ashlee,Kress,Ashlee.Kress@yopmail.com,Ashlee.Kress@gmail.com,firefighter
368,Caressa,Tyson,Caressa.Tyson@yopmail.com,Caressa.Tyson@gmail.com,doctor
370,Zaria,Magnolia,Zaria.Magnolia@yopmail.com,Zaria.Magnolia@gmail.com,doctor
372,Odessa,Kimmie,Odessa.Kimmie@yopmail.com,Odessa.Kimmie@gmail.com,worker
374,Teriann,Paton,Teriann.Paton@yopmail.com,Teriann.Paton@gmail.com,worker
376,Jenilee,Narton,Jenilee.Narton@yopmail.com,Jenilee.Narton@gmail.com,doctor
378,Marnia,Cottle,Marnia.Cottle@yopmail.com,Marnia.Cottle@gmail.com,police officer
380,Kelly,Alcott,Kelly.Alcott@yopmail.com,Kelly.Alcott@gmail.com,doctor
382,Chandra,Christine,Chandra.Christine@yopmail.com,Chandra.Christine@gmail.com,worker
384,Gretal,Rubie,Gretal.Rubie@yopmail.com,Gretal.Rubie@gmail.com,police officer
386,Dede,Kevon,Dede.Kevon@yopmail.com,Dede.Kevon@gmail.com,doctor
388,Josephine,Zina,Josephine.Zina@yopmail.com,Josephine.Zina@gmail.com,firefighter
390,Dawn,Winnick,Dawn.Winnick@yopmail.com,Dawn.Winnick@gmail.com,developer
392,Tomasina,Hutchison,Tomasina.Hutchison@yopmail.com,Tomasina.Hutchison@gmail.com,doctor
394,Keelia,Natalia,Keelia.Natalia@yopmail.com,Keelia.Natalia@gmail.com,doctor
396,Zsa Zsa,Loleta,Zsa Zsa.Loleta@yopmail.com,Zsa Zsa.Loleta@gmail.com,worker
398,Shaylyn,Geffner,Shaylyn.Geffner@yopmail.com,Shaylyn.Geffner@gmail.com,doctor
400,Michaelina,Drisko,Michaelina.Drisko@yopmail.com,Michaelina.Drisko@gmail.com,worker
402,Claresta,Mott,Claresta.Mott@yopmail.com,Claresta.Mott@gmail.com,worker
404,Wanda,Georas,Wanda.Georas@yopmail.com,Wanda.Georas@gmail.com,firefighter
406,Aurelie,Chrystel,Aurelie.Chrystel@yopmail.com,Aurelie.Chrystel@gmail.com,developer
408,Addia,Sacken,Addia.Sacken@yopmail.com,Addia.Sacken@gmail.com,doctor
410,Dari,Remmer,Dari.Remmer@yopmail.com,Dari.Remmer@gmail.com,police officer
412,Shannah,Yoko,Shannah.Yoko@yopmail.com,Shannah.Yoko@gmail.com,doctor
414,Willetta,Ophelia,Willetta.Ophelia@yopmail.com,Willetta.Ophelia@gmail.com,developer
416,Harrietta,Matthew,Harrietta.Matthew@yopmail.com,Harrietta.Matthew@gmail.com,police officer
418,Lita,Matthew,Lita.Matthew@yopmail.com,Lita.Matthew@gmail.com,police officer
420,Chere,Wattenberg,Chere.Wattenberg@yopmail.com,Chere.Wattenberg@gmail.com,firefighter
422,Trixi,Beniamino,Trixi.Beniamino@yopmail.com,Trixi.Beniamino@gmail.com,doctor
424,Monika,Haerr,Monika.Haerr@yopmail.com,Monika.Haerr@gmail.com,doctor
426,Bee,Sadowski,Bee.Sadowski@yopmail.com,Bee.Sadowski@gmail.com,worker
428,Joy,Berl,Joy.Berl@yopmail.com,Joy.Berl@gmail.com,doctor
430,Edith,Gahl,Edith.Gahl@yopmail.com,Edith.Gahl@gmail.com,firefighter
432,Jemie,Jena,Jemie.Jena@yopmail.com,Jemie.Jena@gmail.com,police officer
434,Fanny,Shanley,Fanny.Shanley@yopmail.com,Fanny.Shanley@gmail.com,police officer
436,Karena,Norrie,Karena.Norrie@yopmail.com,Karena.Norrie@gmail.com,doctor
438,Berta,Geffner,Berta.Geffner@yopmail.com,Berta.Geffner@gmail.com,firefighter
440,Vevay,Fosque,Vevay.Fosque@yopmail.com,Vevay.Fosque@gmail.com,firefighter
442,Dagmar,Argus,Dagmar.Argus@yopmail.com,Dagmar.Argus@gmail.com,developer
444,Harrietta,Oscar,Harrietta.Oscar@yopmail.com,Harrietta.Oscar@gmail.com,doctor
446,Donnie,Edvard,Donnie.Edvard@yopmail.com,Donnie.Edvard@gmail.com,doctor
448,Chastity,Daniele,Chastity.Daniele@yopmail.com,Chastity.Daniele@gmail.com,doctor
450,Orsola,Bultman,Orsola.Bultman@yopmail.com,Orsola.Bultman@gmail.com,doctor
452,Sabina,Alisia,Sabina.Alisia@yopmail.com,Sabina.Alisia@gmail.com,doctor
454,Olivette,Jary,Olivette.Jary@yopmail.com,Olivette.Jary@gmail.com,firefighter
456,Aimil,Tatianas,Aimil.Tatianas@yopmail.com,Aimil.Tatianas@gmail.com,police officer
458,Lorie,Pernick,Lorie.Pernick@yopmail.com,Lorie.Pernick@gmail.com,doctor
460,Ursulina,Lowry,Ursulina.Lowry@yopmail.com,Ursulina.Lowry@gmail.com,worker
462,Sheree,Grosz,Sheree.Grosz@yopmail.com,Sheree.Grosz@gmail.com,developer
464,Wynne,Therine,Wynne.Therine@yopmail.com,Wynne.Therine@gmail.com,worker
466,Sara-Ann,Ethban,Sara-Ann.Ethban@yopmail.com,Sara-Ann.Ethban@gmail.com,worker
468,Meriel,Allina,Meriel.Allina@yopmail.com,Meriel.Allina@gmail.com,developer
470,Coral,Muriel,Coral.Muriel@yopmail.com,Coral.Muriel@gmail.com,doctor
472,Myriam,Joseph,Myriam.Joseph@yopmail.com,Myriam.Joseph@gmail.com,developer
474,Catrina,Bury,Catrina.Bury@yopmail.com,Catrina.Bury@gmail.com,police officer
476,Magdalena,Skell,Magdalena.Skell@yopmail.com,Magdalena.Skell@gmail.com,police officer
478,Vonny,Schalles,Vonny.Schalles@yopmail.com,Vonny.Schalles@gmail.com,doctor
480,Yolane,Allare,Yolane.Allare@yopmail.com,Yolane.Allare@gmail.com,worker
482,Ernesta,Christal,Ernesta.Christal@yopmail.com,Ernesta.Christal@gmail.com,doctor
484,Tomasina,Huggins,Tomasina.Huggins@yopmail.com,Tomasina.Huggins@gmail.com,police officer
486,Georgetta,Jacobah,Georgetta.Jacobah@yopmail.com,Georgetta.Jacobah@gmail.com,developer
488,Ernesta,Bibi,Ernesta.Bibi@yopmail.com,Ernesta.Bibi@gmail.com,police officer
490,Felice,Cloris,Felice.Cloris@yopmail.com,Felice.Cloris@gmail.com,developer
492,Emylee,Bury,Emylee.Bury@yopmail.com,Emylee.Bury@gmail.com,doctor
494,Sandie,Parsaye,Sandie.Parsaye@yopmail.com,Sandie.Parsaye@gmail.com,police officer
496,Vita,Taam,Vita.Taam@yopmail.com,Vita.Taam@gmail.com,police officer
498,Joane,Ulphia,Joane.Ulphia@yopmail.com,Joane.Ulphia@gmail.com,doctor
500,Vevay,Madelene,Vevay.Madelene@yopmail.com,Vevay.Madelene@gmail.com,police officer
502,Molli,Cavan,Molli.Cavan@yopmail.com,Molli.Cavan@gmail.com,worker
504,Jasmina,Constancy,Jasmina.Constancy@yopmail.com,Jasmina.Constancy@gmail.com,worker
506,Korrie,Posner,Korrie.Posner@yopmail.com,Korrie.Posner@gmail.com,developer
508,Lusa,Raffo,Lusa.Raffo@yopmail.com,Lusa.Raffo@gmail.com,worker
510,Deirdre,Lay,Deirdre.Lay@yopmail.com,Deirdre.Lay@gmail.com,worker
512,Vere,Byrne,Vere.Byrne@yopmail.com,Vere.Byrne@gmail.com,firefighter
514,Linet,Lytton,Linet.Lytton@yopmail.com,Linet.Lytton@gmail.com,developer
516,Dyann,Hortensia,Dyann.Hortensia@yopmail.com,Dyann.Hortensia@gmail.com,worker
518,Dari,Bobbee,Dari.Bobbee@yopmail.com,Dari.Bobbee@gmail.com,police officer
520,Julieta,Belanger,Julieta.Belanger@yopmail.com,Julieta.Belanger@gmail.com,worker
522,Gisela,Reinke,Gisela.Reinke@yopmail.com,Gisela.Reinke@gmail.com,doctor
524,Katleen,Phi,Katleen.Phi@yopmail.com,Katleen.Phi@gmail.com,police officer
526,Judy,Gilmour,Judy.Gilmour@yopmail.com,Judy.Gilmour@gmail.com,firefighter
528,Maud,Edvard,Maud.Edvard@yopmail.com,Maud.Edvard@gmail.com,police officer
530,Jaclyn,Kolnick,Jaclyn.Kolnick@yopmail.com,Jaclyn.Kolnick@gmail.com,worker
532,Moyna,Fillbert,Moyna.Fillbert@yopmail.com,Moyna.Fillbert@gmail.com,firefighter
534,Gretal,Cookie,Gretal.Cookie@yopmail.com,Gretal.Cookie@gmail.com,developer
536,Elbertina,Jarib,Elbertina.Jarib@yopmail.com,Elbertina.Jarib@gmail.com,doctor
538,Christian,Delila,Christian.Delila@yopmail.com,Christian.Delila@gmail.com,firefighter
540,Camile,Peonir,Camile.Peonir@yopmail.com,Camile.Peonir@gmail.com,police officer
542,Charissa,Jacqui,Charissa.Jacqui@yopmail.com,Charissa.Jacqui@gmail.com,police officer
544,Vanessa,Ventre,Vanessa.Ventre@yopmail.com,Vanessa.Ventre@gmail.com,worker
546,Josephine,Hoban,Josephine.Hoban@yopmail.com,Josephine.Hoban@gmail.com,doctor
548,Meg,Fry,Meg.Fry@yopmail.com,Meg.Fry@gmail.com,firefighter
550,Grier,Joseph,Grier.Joseph@yopmail.com,Grier.Joseph@gmail.com,firefighter
552,Karly,Mathilde,Karly.Mathilde@yopmail.com,Karly.Mathilde@gmail.com,developer
554,Dulce,Ferino,Dulce.Ferino@yopmail.com,Dulce.Ferino@gmail.com,doctor
556,Rubie,Hull,Rubie.Hull@yopmail.com,Rubie.Hull@gmail.com,doctor
558,Katleen,Carbo,Katleen.Carbo@yopmail.com,Katleen.Carbo@gmail.com,police officer
560,Daune,McLaughlin,Daune.McLaughlin@yopmail.com,Daune.McLaughlin@gmail.com,doctor
562,Reeba,Bethany,Reeba.Bethany@yopmail.com,Reeba.Bethany@gmail.com,firefighter
564,Gertrud,Socha,Gertrud.Socha@yopmail.com,Gertrud.Socha@gmail.com,worker
566,Olwen,Marcellus,Olwen.Marcellus@yopmail.com,Olwen.Marcellus@gmail.com,worker
568,Calla,Plato,Calla.Plato@yopmail.com,Calla.Plato@gmail.com,developer
570,Edee,Mich,Edee.Mich@yopmail.com,Edee.Mich@gmail.com,developer
572,Keelia,Lauraine,Keelia.Lauraine@yopmail.com,Keelia.Lauraine@gmail.com,doctor
574,Lelah,Jena,Lelah.Jena@yopmail.com,Lelah.Jena@gmail.com,police officer
576,Madelle,Daveta,Madelle.Daveta@yopmail.com,Madelle.Daveta@gmail.com,doctor
578,Jorry,Belanger,Jorry.Belanger@yopmail.com,Jorry.Belanger@gmail.com,developer
580,Judy,Sparhawk,Judy.Sparhawk@yopmail.com,Judy.Sparhawk@gmail.com,worker
582,Sean,Joseph,Sean.Joseph@yopmail.com,Sean.Joseph@gmail.com,worker
584,Elena,Freddi,Elena.Freddi@yopmail.com,Elena.Freddi@gmail.com,worker
586,Alleen,Haerr,Alleen.Haerr@yopmail.com,Alleen.Haerr@gmail.com,firefighter
588,Kimmy,Klotz,Kimmy.Klotz@yopmail.com,Kimmy.Klotz@gmail.com,worker
590,Leona,Secrest,Leona.Secrest@yopmail.com,Leona.Secrest@gmail.com,firefighter
592,Doralynne,Tengdin,Doralynne.Tengdin@yopmail.com,Doralynne.Tengdin@gmail.com,police officer
594,Melanie,Jenness,Melanie.Jenness@yopmail.com,Melanie.Jenness@gmail.com,police officer
596,Selia,Shama,Selia.Shama@yopmail.com,Selia.Shama@gmail.com,firefighter
598,Celene,Thilda,Celene.Thilda@yopmail.com,Celene.Thilda@gmail.com,doctor
600,Emma,Kirstin,Emma.Kirstin@yopmail.com,Emma.Kirstin@gmail.com,firefighter
602,Phedra,Helfand,Phedra.Helfand@yopmail.com,Phedra.Helfand@gmail.com,worker
604,Tori,Rooney,Tori.Rooney@yopmail.com,Tori.Rooney@gmail.com,doctor
606,Morganica,Avi,Morganica.Avi@yopmail.com,Morganica.Avi@gmail.com,doctor
608,Dolli,Borrell,Dolli.Borrell@yopmail.com,Dolli.Borrell@gmail.com,worker
610,Goldie,Lorain,Goldie.Lorain@yopmail.com,Goldie.Lorain@gmail.com,developer
612,Ellette,Timon,Ellette.Timon@yopmail.com,Ellette.Timon@gmail.com,developer
614,Evita,Rese,Evita.Rese@yopmail.com,Evita.Rese@gmail.com,developer
616,Brooks,Leler,Brooks.Leler@yopmail.com,Brooks.Leler@gmail.com,doctor
618,Mahalia,Bertold,Mahalia.Bertold@yopmail.com,Mahalia.Bertold@gmail.com,firefighter
620,Winny,Francyne,Winny.Francyne@yopmail.com,Winny.Francyne@gmail.com,firefighter
622,Sean,Persse,Sean.Persse@yopmail.com,Sean.Persse@gmail.com,worker
624,Augustine,Annabella,Augustine.Annabella@yopmail.com,Augustine.Annabella@gmail.com,worker
626,Jessamyn,Romelda,Jessamyn.Romelda@yopmail.com,Jessamyn.Romelda@gmail.com,worker
628,Marylou,Faria,Marylou.Faria@yopmail.com,Marylou.Faria@gmail.com,developer
630,Anthia,Rolf,Anthia.Rolf@yopmail.com,Anthia.Rolf@gmail.com,police officer
632,Cordi,Zachary,Cordi.Zachary@yopmail.com,Cordi.Zachary@gmail.com,doctor
634,Darlleen,Gladstone,Darlleen.Gladstone@yopmail.com,Darlleen.Gladstone@gmail.com,doctor
636,Lucy,Mallon,Lucy.Mallon@yopmail.com,Lucy.Mallon@gmail.com,developer
638,Elie,Denis,Elie.Denis@yopmail.com,Elie.Denis@gmail.com,firefighter
640,Wynne,Catie,Wynne.Catie@yopmail.com,Wynne.Catie@gmail.com,worker
642,Glynnis,Hilbert,Glynnis.Hilbert@yopmail.com,Glynnis.Hilbert@gmail.com,doctor
644,Sybille,Arathorn,Sybille.Arathorn@yopmail.com,Sybille.Arathorn@gmail.com,worker
646,Oralee,Trinetta,Oralee.Trinetta@yopmail.com,Oralee.Trinetta@gmail.com,police officer
648,Malina,Cath,Malina.Cath@yopmail.com,Malina.Cath@gmail.com,firefighter
650,Tressa,Pyle,Tressa.Pyle@yopmail.com,Tressa.Pyle@gmail.com,developer
652,Aryn,Honoria,Aryn.Honoria@yopmail.com,Aryn.Honoria@gmail.com,police officer
654,Raina,Rosalba,Raina.Rosalba@yopmail.com,Raina.Rosalba@gmail.com,police officer
656,Siana,Old,Siana.Old@yopmail.com,Siana.Old@gmail.com,developer
658,Gusella,MacIntosh,Gusella.MacIntosh@yopmail.com,Gusella.MacIntosh@gmail.com,developer
660,Lanna,Nickola,Lanna.Nickola@yopmail.com,Lanna.Nickola@gmail.com,firefighter
662,Gertrud,Bibi,Gertrud.Bibi@yopmail.com,Gertrud.Bibi@gmail.com,worker
664,Kathi,Ferrell,Kathi.Ferrell@yopmail.com,Kathi.Ferrell@gmail.com,firefighter
666,Dyann,Seessel,Dyann.Seessel@yopmail.com,Dyann.Seessel@gmail.com,doctor
668,Sara-Ann,Karl,Sara-Ann.Karl@yopmail.com,Sara-Ann.Karl@gmail.com,developer
670,Hyacinthe,Bonucci,Hyacinthe.Bonucci@yopmail.com,Hyacinthe.Bonucci@gmail.com,doctor
672,Shell,Dex,Shell.Dex@yopmail.com,Shell.Dex@gmail.com,developer
674,Augustine,Firmin,Augustine.Firmin@yopmail.com,Augustine.Firmin@gmail.com,firefighter
676,Teriann,Lamoree,Teriann.Lamoree@yopmail.com,Teriann.Lamoree@gmail.com,developer
678,Kenna,Forrer,Kenna.Forrer@yopmail.com,Kenna.Forrer@gmail.com,developer
680,Kary,Cherianne,Kary.Cherianne@yopmail.com,Kary.Cherianne@gmail.com,police officer
682,Mariele,Linskey,Mariele.Linskey@yopmail.com,Mariele.Linskey@gmail.com,developer
684,Romona,Brunell,Romona.Brunell@yopmail.com,Romona.Brunell@gmail.com,worker
686,Dione,Sigfrid,Dione.Sigfrid@yopmail.com,Dione.Sigfrid@gmail.com,doctor
688,Minne,Infield,Minne.Infield@yopmail.com,Minne.Infield@gmail.com,doctor
690,Shandie,Shanley,Shandie.Shanley@yopmail.com,Shandie.Shanley@gmail.com,doctor
692,Dorice,Jess,Dorice.Jess@yopmail.com,Dorice.Jess@gmail.com,police officer
694,Elbertina,Zola,Elbertina.Zola@yopmail.com,Elbertina.Zola@gmail.com,worker
696,Rosaline,Ball,Rosaline.Ball@yopmail.com,Rosaline.Ball@gmail.com,worker
698,Ada,Norrie,Ada.Norrie@yopmail.com,Ada.Norrie@gmail.com,developer
700,Althea,Kiersten,Althea.Kiersten@yopmail.com,Althea.Kiersten@gmail.com,police officer
702,Nannie,Buttaro,Nannie.Buttaro@yopmail.com,Nannie.Buttaro@gmail.com,firefighter
704,Tani,Elephus,Tani.Elephus@yopmail.com,Tani.Elephus@gmail.com,worker
706,Elvira,Kauppi,Elvira.Kauppi@yopmail.com,Elvira.Kauppi@gmail.com,doctor
708,Maryellen,Olin,Maryellen.Olin@yopmail.com,Maryellen.Olin@gmail.com,developer
710,Fayre,Bach,Fayre.Bach@yopmail.com,Fayre.Bach@gmail.com,doctor
712,Cristine,Kelula,Cristine.Kelula@yopmail.com,Cristine.Kelula@gmail.com,worker
714,Angela,Goddard,Angela.Goddard@yopmail.com,Angela.Goddard@gmail.com,firefighter
716,Oralee,Karl,Oralee.Karl@yopmail.com,Oralee.Karl@gmail.com,firefighter
718,Ruthe,Buckler,Ruthe.Buckler@yopmail.com,Ruthe.Buckler@gmail.com,doctor
720,Brooks,Dyche,Brooks.Dyche@yopmail.com,Brooks.Dyche@gmail.com,firefighter
722,Ardeen,McClimans,Ardeen.McClimans@yopmail.com,Ardeen.McClimans@gmail.com,worker
724,Rani,Gaynor,Rani.Gaynor@yopmail.com,Rani.Gaynor@gmail.com,firefighter
726,Lyssa,Bonucci,Lyssa.Bonucci@yopmail.com,Lyssa.Bonucci@gmail.com,police officer
728,Goldie,Gaal,Goldie.Gaal@yopmail.com,Goldie.Gaal@gmail.com,firefighter
730,Elvira,Vary,Elvira.Vary@yopmail.com,Elvira.Vary@gmail.com,developer
732,Di,Gavrila,Di.Gavrila@yopmail.com,Di.Gavrila@gmail.com,worker
734,Wanda,Sherrie,Wanda.Sherrie@yopmail.com,Wanda.Sherrie@gmail.com,police officer
736,Myrtice,Wattenberg,Myrtice.Wattenberg@yopmail.com,Myrtice.Wattenberg@gmail.com,firefighter
738,Camile,Destinee,Camile.Destinee@yopmail.com,Camile.Destinee@gmail.com,police officer
740,Letizia,Amand,Letizia.Amand@yopmail.com,Letizia.Amand@gmail.com,doctor
742,Marinna,Jammal,Marinna.Jammal@yopmail.com,Marinna.Jammal@gmail.com,worker
744,Edee,Federica,Edee.Federica@yopmail.com,Edee.Federica@gmail.com,firefighter
746,Raquela,Bearnard,Raquela.Bearnard@yopmail.com,Raquela.Bearnard@gmail.com,developer
748,Micheline,Wooster,Micheline.Wooster@yopmail.com,Micheline.Wooster@gmail.com,worker
750,Frances,Corabella,Frances.Corabella@yopmail.com,Frances.Corabella@gmail.com,police officer
752,Morganica,Stelle,Morganica.Stelle@yopmail.com,Morganica.Stelle@gmail.com,developer
754,Dorice,Dowski,Dorice.Dowski@yopmail.com,Dorice.Dowski@gmail.com,police officer
756,Celene,Pyle,Celene.Pyle@yopmail.com,Celene.Pyle@gmail.com,worker
758,Lita,Sekofski,Lita.Sekofski@yopmail.com,Lita.Sekofski@gmail.com,firefighter
760,Kayla,Erskine,Kayla.Erskine@yopmail.com,Kayla.Erskine@gmail.com,developer
762,Paule,Secrest,Paule.Secrest@yopmail.com,Paule.Secrest@gmail.com,developer
764,Florie,Neva,Florie.Neva@yopmail.com,Florie.Neva@gmail.com,worker
766,Larine,Thar,Larine.Thar@yopmail.com,Larine.Thar@gmail.com,police officer
768,Sandie,Othilia,Sandie.Othilia@yopmail.com,Sandie.Othilia@gmail.com,developer
770,Cristabel,Colbert,Cristabel.Colbert@yopmail.com,Cristabel.Colbert@gmail.com,police officer
772,Petronia,Pattin,Petronia.Pattin@yopmail.com,Petronia.Pattin@gmail.com,police officer
774,Nollie,Allys,Nollie.Allys@yopmail.com,Nollie.Allys@gmail.com,firefighter
776,Blondelle,Yuille,Blondelle.Yuille@yopmail.com,Blondelle.Yuille@gmail.com,worker
778,Gabi,Wilona,Gabi.Wilona@yopmail.com,Gabi.Wilona@gmail.com,doctor
780,Shel,Kaja,Shel.Kaja@yopmail.com,Shel.Kaja@gmail.com,worker
782,Catrina,Bates,Catrina.Bates@yopmail.com,Catrina.Bates@gmail.com,police officer
784,Silvana,Kat,Silvana.Kat@yopmail.com,Silvana.Kat@gmail.com,police officer
786,Corene,Narton,Corene.Narton@yopmail.com,Corene.Narton@gmail.com,firefighter
788,Ann-Marie,Birdella,Ann-Marie.Birdella@yopmail.com,Ann-Marie.Birdella@gmail.com,developer
790,Orsola,Brotherson,Orsola.Brotherson@yopmail.com,Orsola.Brotherson@gmail.com,developer
792,Janenna,Dreda,Janenna.Dreda@yopmail.com,Janenna.Dreda@gmail.com,doctor
794,Dagmar,Klotz,Dagmar.Klotz@yopmail.com,Dagmar.Klotz@gmail.com,worker
796,Michaelina,Dex,Michaelina.Dex@yopmail.com,Michaelina.Dex@gmail.com,firefighter
798,Leontine,Raimondo,Leontine.Raimondo@yopmail.com,Leontine.Raimondo@gmail.com,police officer
800,Berget,Letsou,Berget.Letsou@yopmail.com,Berget.Letsou@gmail.com,doctor
802,Kathi,Maples,Kathi.Maples@yopmail.com,Kathi.Maples@gmail.com,police officer
804,Kathi,Pearse,Kathi.Pearse@yopmail.com,Kathi.Pearse@gmail.com,worker
806,Sonni,Sholley,Sonni.Sholley@yopmail.com,Sonni.Sholley@gmail.com,firefighter
808,Nicoli,Cordi,Nicoli.Cordi@yopmail.com,Nicoli.Cordi@gmail.com,doctor
810,Tina,Giule,Tina.Giule@yopmail.com,Tina.Giule@gmail.com,developer
812,Caritta,Lowry,Caritta.Lowry@yopmail.com,Caritta.Lowry@gmail.com,firefighter
814,Lusa,Kiersten,Lusa.Kiersten@yopmail.com,Lusa.Kiersten@gmail.com,doctor
816,Maryellen,Stefa,Maryellen.Stefa@yopmail.com,Maryellen.Stefa@gmail.com,police officer
818,Linzy,Malvino,Linzy.Malvino@yopmail.com,Linzy.Malvino@gmail.com,developer
820,Catharine,Magnolia,Catharine.Magnolia@yopmail.com,Catharine.Magnolia@gmail.com,developer
822,Mireielle,Macey,Mireielle.Macey@yopmail.com,Mireielle.Macey@gmail.com,police officer
824,Cathie,Myrilla,Cathie.Myrilla@yopmail.com,Cathie.Myrilla@gmail.com,police officer
826,Nita,Loleta,Nita.Loleta@yopmail.com,Nita.Loleta@gmail.com,doctor
828,Norine,Helfand,Norine.Helfand@yopmail.com,Norine.Helfand@gmail.com,worker
830,Correy,Wenoa,Correy.Wenoa@yopmail.com,Correy.Wenoa@gmail.com,worker
832,Lusa,Durante,Lusa.Durante@yopmail.com,Lusa.Durante@gmail.com,firefighter
834,Orsola,Hewitt,Orsola.Hewitt@yopmail.com,Orsola.Hewitt@gmail.com,worker
836,Corly,Land,Corly.Land@yopmail.com,Corly.Land@gmail.com,police officer
838,Sidoney,Ruvolo,Sidoney.Ruvolo@yopmail.com,Sidoney.Ruvolo@gmail.com,worker
840,Carmencita,Gibbeon,Carmencita.Gibbeon@yopmail.com,Carmencita.Gibbeon@gmail.com,police officer
842,Elfreda,Christine,Elfreda.Christine@yopmail.com,Elfreda.Christine@gmail.com,doctor
844,Valli,Allys,Valli.Allys@yopmail.com,Valli.Allys@gmail.com,developer
846,Briney,Quinn,Briney.Quinn@yopmail.com,Briney.Quinn@gmail.com,developer
848,Patricia,Denis,Patricia.Denis@yopmail.com,Patricia.Denis@gmail.com,developer
850,Cindelyn,Felecia,Cindelyn.Felecia@yopmail.com,Cindelyn.Felecia@gmail.com,police officer
852,Cathyleen,Stevy,Cathyleen.Stevy@yopmail.com,Cathyleen.Stevy@gmail.com,firefighter
854,Mireielle,Palocz,Mireielle.Palocz@yopmail.com,Mireielle.Palocz@gmail.com,developer
856,Perry,Schroth,Perry.Schroth@yopmail.com,Perry.Schroth@gmail.com,developer
858,Karina,Faso,Karina.Faso@yopmail.com,Karina.Faso@gmail.com,doctor
860,Clary,Uund,Clary.Uund@yopmail.com,Clary.Uund@gmail.com,firefighter
862,Vanessa,Margarete,Vanessa.Margarete@yopmail.com,Vanessa.Margarete@gmail.com,worker
864,Cordi,Craggie,Cordi.Craggie@yopmail.com,Cordi.Craggie@gmail.com,police officer
866,Layla,Ax,Layla.Ax@yopmail.com,Layla.Ax@gmail.com,developer
868,Lorenza,Cosenza,Lorenza.Cosenza@yopmail.com,Lorenza.Cosenza@gmail.com,firefighter
870,Kittie,Terencio,Kittie.Terencio@yopmail.com,Kittie.Terencio@gmail.com,doctor
872,Roz,Ariella,Roz.Ariella@yopmail.com,Roz.Ariella@gmail.com,worker
874,Gerrie,Yam,Gerrie.Yam@yopmail.com,Gerrie.Yam@gmail.com,firefighter
876,Meghann,Lytton,Meghann.Lytton@yopmail.com,Meghann.Lytton@gmail.com,developer
878,Rosanne,Westphal,Rosanne.Westphal@yopmail.com,Rosanne.Westphal@gmail.com,doctor
880,Lauryn,Burkle,Lauryn.Burkle@yopmail.com,Lauryn.Burkle@gmail.com,doctor
882,Deane,Salchunas,Deane.Salchunas@yopmail.com,Deane.Salchunas@gmail.com,police officer
884,Margarette,Friede,Margarette.Friede@yopmail.com,Margarette.Friede@gmail.com,worker
886,Arlina,Screens,Arlina.Screens@yopmail.com,Arlina.Screens@gmail.com,worker
888,Desirae,Belldas,Desirae.Belldas@yopmail.com,Desirae.Belldas@gmail.com,doctor
890,Ingrid,Amadas,Ingrid.Amadas@yopmail.com,Ingrid.Amadas@gmail.com,doctor
892,Genevra,Skurnik,Genevra.Skurnik@yopmail.com,Genevra.Skurnik@gmail.com,firefighter
894,Deirdre,Center,Deirdre.Center@yopmail.com,Deirdre.Center@gmail.com,worker
896,Ulrike,Old,Ulrike.Old@yopmail.com,Ulrike.Old@gmail.com,firefighter
898,Paulita,Marisa,Paulita.Marisa@yopmail.com,Paulita.Marisa@gmail.com,police officer
900,Leontine,Sherrie,Leontine.Sherrie@yopmail.com,Leontine.Sherrie@gmail.com,doctor
902,Rosabelle,Arathorn,Rosabelle.Arathorn@yopmail.com,Rosabelle.Arathorn@gmail.com,firefighter
904,Elora,Love,Elora.Love@yopmail.com,Elora.Love@gmail.com,police officer
906,Kayla,Artie,Kayla.Artie@yopmail.com,Kayla.Artie@gmail.com,worker
908,Asia,Pierette,Asia.Pierette@yopmail.com,Asia.Pierette@gmail.com,developer
910,Gale,Thad,Gale.Thad@yopmail.com,Gale.Thad@gmail.com,worker
912,Joleen,Marijo,Joleen.Marijo@yopmail.com,Joleen.Marijo@gmail.com,worker
914,Roslyn,Felecia,Roslyn.Felecia@yopmail.com,Roslyn.Felecia@gmail.com,developer
916,Keelia,Ader,Keelia.Ader@yopmail.com,Keelia.Ader@gmail.com,firefighter
918,Beth,Thornburg,Beth.Thornburg@yopmail.com,Beth.Thornburg@gmail.com,police officer
920,Lusa,Standing,Lusa.Standing@yopmail.com,Lusa.Standing@gmail.com,doctor
922,Nessie,Keelia,Nessie.Keelia@yopmail.com,Nessie.Keelia@gmail.com,firefighter
924,Hope,Anton,Hope.Anton@yopmail.com,Hope.Anton@gmail.com,police officer
926,Barbara,Fancie,Barbara.Fancie@yopmail.com,Barbara.Fancie@gmail.com,worker
928,Katuscha,Tomasina,Katuscha.Tomasina@yopmail.com,Katuscha.Tomasina@gmail.com,worker
930,Regina,Lail,Regina.Lail@yopmail.com,Regina.Lail@gmail.com,worker
932,Dominga,Ehrman,Dominga.Ehrman@yopmail.com,Dominga.Ehrman@gmail.com,worker
934,Tiffie,Skurnik,Tiffie.Skurnik@yopmail.com,Tiffie.Skurnik@gmail.com,developer
936,Zondra,Elsinore,Zondra.Elsinore@yopmail.com,Zondra.Elsinore@gmail.com,doctor
938,Selma,Nisbet,Selma.Nisbet@yopmail.com,Selma.Nisbet@gmail.com,firefighter
940,Amalie,Juan,Amalie.Juan@yopmail.com,Amalie.Juan@gmail.com,firefighter
942,Jerry,Morgun,Jerry.Morgun@yopmail.com,Jerry.Morgun@gmail.com,worker
944,Rayna,Dex,Rayna.Dex@yopmail.com,Rayna.Dex@gmail.com,doctor
946,Asia,Edison,Asia.Edison@yopmail.com,Asia.Edison@gmail.com,doctor
948,Hope,Ellord,Hope.Ellord@yopmail.com,Hope.Ellord@gmail.com,developer
950,Cecile,Katrine,Cecile.Katrine@yopmail.com,Cecile.Katrine@gmail.com,police officer
952,Donetta,O'Carroll,Donetta.O'Carroll@yopmail.com,Donetta.O'Carroll@gmail.com,police officer
954,Devina,Anis,Devina.Anis@yopmail.com,Devina.Anis@gmail.com,worker
956,Kate,Haymes,Kate.Haymes@yopmail.com,Kate.Haymes@gmail.com,police officer
958,Philis,Brieta,Philis.Brieta@yopmail.com,Philis.Brieta@gmail.com,developer
960,Etta,Lattie,Etta.Lattie@yopmail.com,Etta.Lattie@gmail.com,police officer
962,Mignon,Pearse,Mignon.Pearse@yopmail.com,Mignon.Pearse@gmail.com,police officer
964,Steffane,Rosette,Steffane.Rosette@yopmail.com,Steffane.Rosette@gmail.com,developer
966,Dede,Pierette,Dede.Pierette@yopmail.com,Dede.Pierette@gmail.com,doctor
968,Berta,Hillel,Berta.Hillel@yopmail.com,Berta.Hillel@gmail.com,worker
970,Minda,Tomasina,Minda.Tomasina@yopmail.com,Minda.Tomasina@gmail.com,doctor
972,Arlina,Muriel,Arlina.Muriel@yopmail.com,Arlina.Muriel@gmail.com,worker
974,Adriana,Maxi,Adriana.Maxi@yopmail.com,Adriana.Maxi@gmail.com,doctor
976,Luci,Romelda,Luci.Romelda@yopmail.com,Luci.Romelda@gmail.com,worker
978,Consuela,Brackely,Consuela.Brackely@yopmail.com,Consuela.Brackely@gmail.com,firefighter
980,Emmey,Olin,Emmey.Olin@yopmail.com,Emmey.Olin@gmail.com,doctor
982,Pearline,Colbert,Pearline.Colbert@yopmail.com,Pearline.Colbert@gmail.com,developer
984,Vinita,Khorma,Vinita.Khorma@yopmail.com,Vinita.Khorma@gmail.com,developer
986,Tierney,Even,Tierney.Even@yopmail.com,Tierney.Even@gmail.com,worker
988,Jenilee,Kannry,Jenilee.Kannry@yopmail.com,Jenilee.Kannry@gmail.com,doctor
990,Sidoney,Brunell,Sidoney.Brunell@yopmail.com,Sidoney.Brunell@gmail.com,worker
992,Gisela,Idelia,Gisela.Idelia@yopmail.com,Gisela.Idelia@gmail.com,doctor
994,Shannah,Nedrud,Shannah.Nedrud@yopmail.com,Shannah.Nedrud@gmail.com,developer
996,Jenda,Markman,Jenda.Markman@yopmail.com,Jenda.Markman@gmail.com,worker
998,Jorry,Emmaline,Jorry.Emmaline@yopmail.com,Jorry.Emmaline@gmail.com,developer
1000,Cacilie,Waldron,Cacilie.Waldron@yopmail.com,Cacilie.Waldron@gmail.com,police officer
1002,Sharlene,Konyn,Sharlene.Konyn@yopmail.com,Sharlene.Konyn@gmail.com,police officer
1004,Belva,Persse,Belva.Persse@yopmail.com,Belva.Persse@gmail.com,developer
1006,Vonny,Sperling,Vonny.Sperling@yopmail.com,Vonny.Sperling@gmail.com,doctor
1008,Peri,Mandler,Peri.Mandler@yopmail.com,Peri.Mandler@gmail.com,doctor
1010,Kimmy,Karna,Kimmy.Karna@yopmail.com,Kimmy.Karna@gmail.com,worker
1012,Cathyleen,Meter,Cathyleen.Meter@yopmail.com,Cathyleen.Meter@gmail.com,doctor
1014,Fredericka,Warthman,Fredericka.Warthman@yopmail.com,Fredericka.Warthman@gmail.com,police officer
1016,Abbie,Michella,Abbie.Michella@yopmail.com,Abbie.Michella@gmail.com,worker
1018,Raina,Maroney,Raina.Maroney@yopmail.com,Raina.Maroney@gmail.com,police officer
1020,Nikki,Maples,Nikki.Maples@yopmail.com,Nikki.Maples@gmail.com,worker
1022,Ariela,Elvyn,Ariela.Elvyn@yopmail.com,Ariela.Elvyn@gmail.com,police officer
1024,Vevay,Vanni,Vevay.Vanni@yopmail.com,Vevay.Vanni@gmail.com,developer
1026,Kamilah,Cohdwell,Kamilah.Cohdwell@yopmail.com,Kamilah.Cohdwell@gmail.com,worker
1028,Laurene,Schwejda,Laurene.Schwejda@yopmail.com,Laurene.Schwejda@gmail.com,doctor
1030,Cherrita,Monk,Cherrita.Monk@yopmail.com,Cherrita.Monk@gmail.com,police officer
1032,Stacey,Ophelia,Stacey.Ophelia@yopmail.com,Stacey.Ophelia@gmail.com,firefighter
1034,Diena,Goode,Diena.Goode@yopmail.com,Diena.Goode@gmail.com,doctor
1036,Collen,Raffo,Collen.Raffo@yopmail.com,Collen.Raffo@gmail.com,doctor
1038,Dede,Jacqui,Dede.Jacqui@yopmail.com,Dede.Jacqui@gmail.com,police officer
1040,Edee,Seessel,Edee.Seessel@yopmail.com,Edee.Seessel@gmail.com,firefighter
1042,Kirbee,Greyson,Kirbee.Greyson@yopmail.com,Kirbee.Greyson@gmail.com,worker
1044,Clary,Peti,Clary.Peti@yopmail.com,Clary.Peti@gmail.com,doctor
1046,Winny,Raychel,Winny.Raychel@yopmail.com,Winny.Raychel@gmail.com,police officer
1048,Wilma,Ietta,Wilma.Ietta@yopmail.com,Wilma.Ietta@gmail.com,firefighter
1050,Raina,Barrus,Raina.Barrus@yopmail.com,Raina.Barrus@gmail.com,firefighter
1052,Arabel,Louanna,Arabel.Louanna@yopmail.com,Arabel.Louanna@gmail.com,worker
1054,Lory,Waldron,Lory.Waldron@yopmail.com,Lory.Waldron@gmail.com,worker
1056,Ulrike,McGrody,Ulrike.McGrody@yopmail.com,Ulrike.McGrody@gmail.com,developer
1058,Jessy,Bari,Jessy.Bari@yopmail.com,Jessy.Bari@gmail.com,developer
1060,Ileana,Arley,Ileana.Arley@yopmail.com,Ileana.Arley@gmail.com,worker
1062,Maud,O'Neill,Maud.O'Neill@yopmail.com,Maud.O'Neill@gmail.com,firefighter
1064,Judy,Peti,Judy.Peti@yopmail.com,Judy.Peti@gmail.com,police officer
1066,Violet,Randene,Violet.Randene@yopmail.com,Violet.Randene@gmail.com,developer
1068,Ilse,Uird,Ilse.Uird@yopmail.com,Ilse.Uird@gmail.com,developer
1070,Elbertina,Reinke,Elbertina.Reinke@yopmail.com,Elbertina.Reinke@gmail.com,firefighter
1072,Fidelia,Phaidra,Fidelia.Phaidra@yopmail.com,Fidelia.Phaidra@gmail.com,developer
1074,Merry,Kauppi,Merry.Kauppi@yopmail.com,Merry.Kauppi@gmail.com,developer
1076,Shandie,Arathorn,Shandie.Arathorn@yopmail.com,Shandie.Arathorn@gmail.com,worker
1078,Perry,Wilona,Perry.Wilona@yopmail.com,Perry.Wilona@gmail.com,firefighter
1080,Therine,Ummersen,Therine.Ummersen@yopmail.com,Therine.Ummersen@gmail.com,doctor
1082,Gavrielle,Codding,Gavrielle.Codding@yopmail.com,Gavrielle.Codding@gmail.com,worker
1084,Juliane,Hubert,Juliane.Hubert@yopmail.com,Juliane.Hubert@gmail.com,doctor
1086,Sidoney,Kirstin,Sidoney.Kirstin@yopmail.com,Sidoney.Kirstin@gmail.com,worker
1088,Odessa,Timon,Odessa.Timon@yopmail.com,Odessa.Timon@gmail.com,developer
1090,Luci,Rossner,Luci.Rossner@yopmail.com,Luci.Rossner@gmail.com,police officer
1092,Magdalena,Lesley,Magdalena.Lesley@yopmail.com,Magdalena.Lesley@gmail.com,firefighter
1094,Sashenka,Reneta,Sashenka.Reneta@yopmail.com,Sashenka.Reneta@gmail.com,firefighter
1096,Emelina,Stoller,Emelina.Stoller@yopmail.com,Emelina.Stoller@gmail.com,police officer
1098,Elfreda,Hazlett,Elfreda.Hazlett@yopmail.com,Elfreda.Hazlett@gmail.com,worker
